{"cameraMode":{"drawMode":0,"name":"Shaded","section":"Shading Mode"},"sceneLighting":true,"audioPlay":false,"sceneViewState":{"m_AlwaysRefresh":false,"showFog":true,"showSkybox":true,"showFlares":true,"showImageEffects":true,"showParticleSystems":true,"showVisualEffectGraphs":true,"m_FxEnabled":true},"in2DMode":false,"pivot":{"x":23.228151321411134,"y":-2.8902225494384767,"z":-1.7520660161972047},"rotation":{"x":0.05742338299751282,"y":0.7558152079582214,"z":-0.06705375760793686,"w":0.6491026878356934},"size":12.59313678741455,"orthographic":false}