{"cameraMode":{"drawMode":0,"name":"Shaded","section":"Shading Mode"},"sceneLighting":true,"audioPlay":false,"sceneViewState":{"m_AlwaysRefresh":false,"showFog":true,"showSkybox":true,"showFlares":true,"showImageEffects":true,"showParticleSystems":true,"showVisualEffectGraphs":true,"m_FxEnabled":true},"in2DMode":false,"pivot":{"x":1.7848999500274659,"y":0.36000001430511477,"z":10.046699523925782},"rotation":{"x":-0.3091052174568176,"y":0.19508850574493409,"z":-0.06639321893453598,"w":-0.9289326667785645},"size":3.533433198928833,"orthographic":false}